General_Description,Ask_Support,Farming,Online_Content,Community,Energy,Tech_Education,Riding,Cars,Sleeping,Animals,Fishing,Smartwatches,Other
0.054026491940021515,0.0,0.0,0.46069765090942383,0.0,0.0,0.0,0.0,0.0,0.0,0.0,0.0,0.48076727986335754,0.0
0.0,0.0,0.010645227506756783,0.07382475584745407,0.0,0.0,0.08522342890501022,0.0,0.0,0.0,0.0,0.04677163064479828,0.7780202031135559,0.0
0.0,0.0,0.0,0.0,0.0,0.22395610809326172,0.0,0.0,0.0,0.0,0.0,0.0,0.7639399766921997,0.0
0.0,0.0,0.0,0.0,0.0,0.0,0.0,0.0,0.0,0.0,0.0,0.0,0.9793282747268677,0.010637258179485798
0.0,0.0,0.0,0.0,0.0,0.07321292906999588,0.01774788461625576,0.0,0.0,0.0,0.0,0.07175938040018082,0.4305397868156433,0.40569648146629333
0.0,0.0,0.0,0.0,0.0,0.0,0.5204236507415771,0.02177206240594387,0.0,0.0,0.0,0.0,0.43189263343811035,0.01683867909014225
0.0,0.0,0.0,0.0,0.0,0.0,0.020197231322526932,0.11762228608131409,0.0,0.0,0.0,0.4286682605743408,0.4246329069137573,0.0
0.0,0.0,0.0,0.0,0.0,0.4594046175479889,0.0,0.0,0.0,0.0,0.0,0.15971937775611877,0.376848429441452,0.0
0.0,0.0,0.0,0.23659127950668335,0.0,0.29202964901924133,0.0,0.0,0.0,0.0,0.0,0.13801367580890656,0.31477439403533936,0.015973694622516632
0.0,0.0,0.0,0.7156804203987122,0.0,0.0,0.0,0.0,0.0,0.0,0.0,0.055267199873924255,0.22348202764987946,0.0
0.0,0.0,0.0,0.0,0.0,0.6175743341445923,0.03153480589389801,0.0,0.0,0.0,0.0,0.039110053330659866,0.3058207333087921,0.0
0.0,0.0,0.0,0.0,0.0,0.0,0.03083401545882225,0.0,0.0,0.13597431778907776,0.0,0.23323829472064972,0.5975130796432495,0.0
0.0,0.0,0.0,0.20783373713493347,0.0,0.08800792694091797,0.0,0.25695186853408813,0.0,0.0,0.0,0.10109897702932358,0.3450559079647064,0.0
0.0,0.0,0.0,0.028523724526166916,0.0,0.0,0.020890098065137863,0.01089793536812067,0.0,0.0,0.0,0.6954530477523804,0.21780765056610107,0.025378381833434105
0.0,0.0,0.0,0.04925163835287094,0.0,0.0825987160205841,0.0,0.09327614307403564,0.0,0.0,0.0,0.30575183033943176,0.46768835186958313,0.0
0.0,0.0,0.0,0.0,0.0,0.1210743635892868,0.0,0.0,0.0,0.0,0.0,0.36573436856269836,0.11944606900215149,0.3914038836956024
0.0,0.0,0.0,0.01174804475158453,0.0,0.0,0.0,0.0,0.0,0.28992554545402527,0.0,0.29582780599594116,0.38581040501594543,0.01566823199391365
0.0,0.0,0.0,0.0,0.0,0.0,0.0,0.24283872544765472,0.0,0.0,0.0,0.40682747960090637,0.34358590841293335,0.0
0.0,0.0,0.0,0.0,0.0,0.011294364929199219,0.33187562227249146,0.0,0.0,0.0,0.0,0.12724246084690094,0.4293820261955261,0.09961449354887009
0.0,0.0,0.0,0.1629626601934433,0.0,0.0,0.0,0.11391203105449677,0.0,0.0,0.0,0.2436644732952118,0.4740559458732605,0.0
0.0,0.0,0.0,0.0,0.0,0.0,0.0,0.0,0.0,0.0,0.0,0.030237916857004166,0.5379334092140198,0.4309796094894409
0.11678468436002731,0.0,0.0,0.0,0.0,0.23648278415203094,0.0,0.0,0.0,0.0,0.019183605909347534,0.09605033695697784,0.5223769545555115,0.0
0.0,0.0,0.0,0.02571253664791584,0.03109680488705635,0.12023851275444031,0.0,0.0,0.0,0.0,0.0,0.3183429539203644,0.4634464383125305,0.04024476185441017
0.0,0.0,0.0,0.0,0.0,0.0,0.0,0.042281623929739,0.0,0.16768141090869904,0.0,0.3231746256351471,0.46592995524406433,0.0
0.0,0.0,0.0,0.0,0.0,0.0,0.06051405891776085,0.0,0.0,0.0,0.0,0.44720277190208435,0.4705071449279785,0.020496752113103867
0.0,0.0,0.0,0.0,0.0,0.0,0.03359662741422653,0.09218978136777878,0.0,0.0725729689002037,0.0,0.03924772888422012,0.6109546422958374,0.1478232443332672
0.0,0.0,0.08797507733106613,0.02538246102631092,0.0,0.1909501850605011,0.0,0.0,0.0,0.0,0.0,0.2789694666862488,0.20772042870521545,0.20640523731708527
0.0,0.0,0.0,0.02178943157196045,0.0,0.0,0.0,0.07281574606895447,0.0,0.10192550718784332,0.0,0.02448120340704918,0.7779826521873474,0.0
0.0,0.0,0.0,0.0,0.0,0.558073103427887,0.0,0.0,0.0,0.0,0.0,0.040987323969602585,0.4001410901546478,0.0
0.0,0.0,0.0,0.0910169929265976,0.0,0.0,0.0,0.0,0.0,0.0,0.10679773986339569,0.051634252071380615,0.7495005130767822,0.0
0.0,0.0,0.0,0.0,0.0,0.0,0.29235243797302246,0.017935406416654587,0.0,0.04841310903429985,0.0,0.3658173978328705,0.2746509313583374,0.0
0.0,0.0,0.0,0.0,0.0,0.047897372394800186,0.0,0.0,0.0,0.0,0.0,0.011805357411503792,0.9047697186470032,0.029502060264348984
0.0,0.0,0.0,0.5434842705726624,0.0,0.018862543627619743,0.06507692486047745,0.0,0.0,0.0,0.0,0.047217052429914474,0.3202069401741028,0.0
0.0,0.0,0.0,0.0,0.0,0.1747896820306778,0.04800648242235184,0.0,0.0,0.16121907532215118,0.0,0.07496751844882965,0.5039433836936951,0.03370999917387962
0.0,0.0,0.0,0.4802788197994232,0.0,0.1732218712568283,0.0,0.0,0.0,0.0,0.0,0.012002212926745415,0.33028531074523926,0.0
0.0,0.0,0.0,0.0,0.0,0.12174805998802185,0.03259650617837906,0.0,0.0,0.0,0.0,0.28915315866470337,0.5547614693641663,0.0
0.0,0.0,0.0,0.12313245236873627,0.0,0.030120445415377617,0.0,0.3515501022338867,0.0,0.019587378948926926,0.0,0.08985565602779388,0.3845531642436981,0.0
0.0,0.0,0.0,0.07267078012228012,0.0,0.0,0.0,0.3765733242034912,0.0,0.0,0.0,0.30103999376296997,0.24380415678024292,0.0
0.03544265404343605,0.0,0.0,0.0,0.0,0.023512810468673706,0.27043843269348145,0.0,0.0,0.01400698907673359,0.0,0.06400065124034882,0.5908074378967285,0.0
0.0,0.0,0.0,0.03593210130929947,0.0,0.0,0.0,0.0,0.0,0.4051547348499298,0.0,0.23540949821472168,0.3146655261516571,0.0
0.0,0.0,0.0,0.0,0.0,0.03343821316957474,0.0,0.0,0.0,0.06407792121171951,0.0,0.0,0.7598897218704224,0.13727723062038422
0.0,0.0,0.0,0.040276817977428436,0.0,0.030062749981880188,0.0,0.0,0.27548328042030334,0.0,0.0,0.051132045686244965,0.598990797996521,0.0
0.0,0.0,0.08647122979164124,0.026508644223213196,0.0,0.056348562240600586,0.0,0.0,0.0,0.0,0.0,0.05362542346119881,0.77631014585495,0.0
0.0,0.0,0.0,0.14927764236927032,0.0,0.0,0.0,0.03815344721078873,0.0,0.0,0.0,0.6716009378433228,0.1337847113609314,0.0
0.0,0.0,0.0,0.07325886189937592,0.0,0.011253290809690952,0.0,0.0,0.0,0.3657151460647583,0.0,0.12942945957183838,0.4150838553905487,0.0
0.0,0.0,0.0,0.05735447630286217,0.0,0.0,0.0,0.010436004027724266,0.0,0.0,0.0,0.44732797145843506,0.47327977418899536,0.0
0.0,0.0,0.14728817343711853,0.0852450504899025,0.0,0.12870003283023834,0.02570025436580181,0.026800019666552544,0.0,0.0,0.0,0.17119672894477844,0.41397544741630554,0.0
0.0,0.0,0.4437955617904663,0.026874495670199394,0.0,0.0,0.0,0.019644422456622124,0.0,0.029920544475317,0.0,0.038667943328619,0.4363959729671478,0.0
0.0,0.0,0.0,0.17215418815612793,0.0,0.021898696199059486,0.0,0.0,0.0,0.01437356136739254,0.0,0.7597113847732544,0.028810374438762665,0.0
0.0,0.0,0.0,0.01500537246465683,0.0,0.0,0.0,0.0,0.0,0.0,0.0,0.8070639371871948,0.17226174473762512,0.0
0.0,0.0,0.0,0.0,0.0,0.16188527643680573,0.0,0.0,0.0,0.0,0.0,0.514069676399231,0.30384811758995056,0.017435569316148758
0.0,0.09762004017829895,0.0,0.06151392310857773,0.0,0.10886431485414505,0.0,0.022928962484002113,0.0,0.0,0.0,0.013036631047725677,0.6895356774330139,0.0
0.0,0.0,0.06814029812812805,0.0,0.0,0.043963007628917694,0.030131720006465912,0.0,0.0,0.0,0.0,0.479925274848938,0.14957712590694427,0.2254878282546997
0.0,0.0,0.0,0.0,0.0,0.03413271903991699,0.0,0.0,0.0,0.0,0.0,0.7331529855728149,0.23102986812591553,0.0
0.0,0.0,0.12018775194883347,0.21596741676330566,0.0,0.1120721772313118,0.0,0.0,0.0,0.05801355466246605,0.0,0.07705238461494446,0.4137250483036041,0.0
0.0,0.0,0.02074180543422699,0.03498741611838341,0.0,0.0,0.0,0.052684806287288666,0.0,0.0,0.0,0.011630840599536896,0.8761987090110779,0.0
0.0,0.0,0.0,0.01819741725921631,0.0,0.015071379952132702,0.0,0.0,0.0,0.2959793508052826,0.0,0.0,0.6659380197525024,0.0
0.0,0.0,0.0,0.2761436402797699,0.0,0.013653676025569439,0.013218392618000507,0.11962783336639404,0.0,0.0,0.0,0.0,0.5710645914077759,0.0
0.0,0.0,0.0,0.0,0.0,0.0,0.0,0.0,0.0,0.0,0.0,0.26237910985946655,0.545888364315033,0.1883060485124588
0.0,0.0,0.0,0.0,0.0,0.0,0.0,0.0,0.0,0.0,0.0,0.2945864498615265,0.6945486664772034,0.0
0.0,0.0,0.0,0.01957431621849537,0.0,0.0,0.0,0.0,0.0,0.30319568514823914,0.0,0.0,0.6690255403518677,0.0
0.0,0.0,0.0,0.26392635703086853,0.0,0.0,0.0,0.0,0.0,0.0,0.0,0.0,0.7303124070167542,0.0
0.0,0.0,0.010045329108834267,0.0,0.0,0.0,0.026916304603219032,0.0,0.0,0.0,0.0,0.2316112518310547,0.726433277130127,0.0
0.0,0.0,0.0,0.06446351855993271,0.0,0.0,0.04542884975671768,0.0,0.010420912876725197,0.0,0.0,0.3109357953071594,0.5603938102722168,0.0
0.0,0.0,0.0,0.0,0.0,0.0,0.15078085660934448,0.03827716037631035,0.0,0.0,0.0,0.5482915043830872,0.25323250889778137,0.0
0.0,0.0,0.02711796760559082,0.04791378602385521,0.0,0.11292894184589386,0.03575281798839569,0.02879893220961094,0.0,0.0,0.11387349665164948,0.23093409836292267,0.4011266827583313,0.0
0.0,0.0,0.33362045884132385,0.04344113543629646,0.0,0.0,0.0,0.0,0.0,0.0,0.0,0.06300166994333267,0.5458809733390808,0.0
0.0,0.08107415586709976,0.0,0.0,0.0,0.05086064711213112,0.011027587577700615,0.0,0.0,0.0,0.0,0.5443344116210938,0.29886892437934875,0.012713253498077393
0.0,0.0,0.0,0.16435930132865906,0.0,0.0,0.0,0.14653418958187103,0.0,0.0,0.0,0.03773607686161995,0.6364142298698425,0.0
0.0,0.0,0.0,0.0,0.0,0.6040239334106445,0.0,0.0,0.0,0.0,0.0,0.036799151450395584,0.25455519556999207,0.09828399866819382
0.0,0.0,0.0,0.0,0.0,0.0,0.0,0.01211845874786377,0.0,0.0,0.0,0.07290352135896683,0.9109552502632141,0.0
0.0,0.0,0.0,0.0,0.0,0.0,0.0,0.0,0.0,0.151589497923851,0.0,0.10703402757644653,0.7327703237533569,0.0
0.0,0.0,0.0,0.0,0.0,0.0,0.0,0.0,0.0,0.0,0.0,0.16137775778770447,0.8343851566314697,0.0
0.0,0.0,0.0,0.0,0.0,0.0,0.0,0.46967118978500366,0.0,0.0,0.0,0.0,0.5167438387870789,0.0
0.0,0.0,0.0,0.0,0.0,0.0807192474603653,0.04244587570428848,0.0,0.0,0.01989554986357689,0.0,0.4176238775253296,0.42935001850128174,0.0
0.0,0.0,0.08610925823450089,0.17085614800453186,0.0,0.05263308808207512,0.0,0.03247886151075363,0.0,0.0,0.0,0.08491276949644089,0.5597327947616577,0.0
0.0,0.0,0.0,0.0,0.0,0.1333727091550827,0.0,0.0,0.0,0.019009778276085854,0.3513745963573456,0.11775574833154678,0.3754401206970215,0.0
0.0,0.0,0.0,0.6492393016815186,0.0,0.03639467805624008,0.0,0.0,0.0,0.0,0.0,0.0,0.3121867775917053,0.0
0.0,0.0,0.0,0.0,0.0,0.014802097342908382,0.0,0.0,0.0,0.05709480866789818,0.0,0.014357703737914562,0.9115675687789917,0.0
0.0,0.0,0.0,0.1410059779882431,0.0,0.4485273063182831,0.06988377869129181,0.0,0.0,0.0,0.0,0.14876492321491241,0.1887688934803009,0.0
0.0,0.0,0.0,0.013834279961884022,0.0,0.0,0.051170237362384796,0.04667175933718681,0.0,0.0,0.0,0.01081002876162529,0.7539505362510681,0.12128589302301407
0.0,0.0,0.0,0.119636170566082,0.015038958750665188,0.13125769793987274,0.0,0.38213351368904114,0.0,0.011697578243911266,0.0,0.0,0.32862588763237,0.0
0.0,0.0,0.0,0.0,0.0,0.0,0.0329192690551281,0.0,0.0,0.0,0.0,0.7856582403182983,0.16208645701408386,0.014720948413014412
0.0,0.0,0.0,0.028165733441710472,0.0,0.023680826649069786,0.0,0.0,0.0,0.0,0.1922808140516281,0.04707547277212143,0.7080877423286438,0.0
0.0,0.0,0.0,0.0,0.0,0.0,0.18517626821994781,0.0,0.0,0.0,0.0,0.5683609843254089,0.245388463139534,0.0
0.0,0.0,0.0,0.0,0.0,0.031749360263347626,0.22912390530109406,0.0,0.0,0.0,0.0,0.06743542850017548,0.5845157504081726,0.08354663103818893
0.0,0.0,0.0,0.4806936979293823,0.0,0.0,0.0,0.0,0.0,0.0,0.0,0.0637744590640068,0.45036303997039795,0.0
0.0,0.0,0.0,0.18701604008674622,0.0,0.0,0.0,0.0,0.0,0.0,0.0,0.0,0.796457052230835,0.013464841991662979
0.0,0.0,0.0,0.0,0.0,0.25591087341308594,0.0,0.2280755341053009,0.0,0.0,0.0,0.19248121976852417,0.31638482213020325,0.0
0.0,0.0,0.0,0.0,0.0,0.0,0.2637332081794739,0.0,0.0,0.0,0.0,0.25599250197410583,0.10217148810625076,0.3736763894557953
0.0,0.0,0.0,0.039160557091236115,0.0,0.035075414925813675,0.2620362639427185,0.0,0.0,0.0,0.0,0.0,0.6534060835838318,0.0
0.35057803988456726,0.0,0.0,0.02931712381541729,0.0,0.05691932514309883,0.0,0.0,0.0,0.0,0.0,0.3762968182563782,0.18578828871250153,0.0
0.0,0.0,0.0,0.012383014895021915,0.0,0.0,0.030104396864771843,0.02346748672425747,0.0,0.1248931735754013,0.0,0.049254320561885834,0.6174361705780029,0.1414734274148941
0.0,0.0,0.0,0.039876170456409454,0.0,0.0,0.0,0.0,0.0,0.0,0.0,0.7511759996414185,0.19271154701709747,0.0
0.0,0.0,0.0,0.25471675395965576,0.0,0.0,0.0,0.08201601356267929,0.0,0.1583738625049591,0.0,0.037502557039260864,0.46643465757369995,0.0
0.0,0.0,0.0,0.0,0.0,0.3225805461406708,0.0,0.0,0.0,0.0,0.0,0.114368736743927,0.5130981802940369,0.04619937017560005
0.0,0.0,0.0,0.0,0.0,0.02476876601576805,0.054021380841732025,0.0,0.0,0.0,0.0,0.03925616294145584,0.7108266353607178,0.1628897786140442
0.0,0.0,0.0,0.14749173820018768,0.0,0.0,0.0,0.24422048032283783,0.0,0.0,0.0,0.0,0.5999099016189575,0.0
0.0,0.0,0.0,0.0,0.07075943052768707,0.0,0.0,0.0,0.0,0.04511026293039322,0.0,0.04529834911227226,0.8226720690727234,0.0
0.0,0.0,0.0,0.014192209579050541,0.0,0.0,0.056382354348897934,0.442135214805603,0.0,0.0,0.0,0.3578367531299591,0.12857122719287872,0.0
0.0,0.0,0.0,0.0,0.0,0.24781681597232819,0.0,0.0,0.0,0.0381397120654583,0.014919663779437542,0.2910747230052948,0.3873273432254791,0.0
0.0,0.0,0.0,0.19318819046020508,0.0,0.0,0.01930234208703041,0.028623100370168686,0.0,0.0,0.0,0.0,0.7543306946754456,0.0
0.0,0.0,0.0,0.0,0.0,0.16898375749588013,0.021552816033363342,0.0,0.0,0.0,0.0,0.08839377015829086,0.6541197896003723,0.059971120208501816
0.0,0.0,0.0,0.0,0.0,0.0,0.21469195187091827,0.0,0.0,0.0,0.0,0.03963717818260193,0.7209488749504089,0.0
0.0,0.0,0.0,0.0,0.0,0.0,0.033485233783721924,0.16004018485546112,0.0,0.056580208241939545,0.0,0.049994099885225296,0.6931690573692322,0.0
0.0,0.0,0.0,0.0,0.0,0.02423767000436783,0.03265299275517464,0.04260195046663284,0.0,0.0,0.0,0.3317778706550598,0.5593736171722412,0.0
0.0,0.0,0.0,0.25149044394493103,0.0,0.04669741541147232,0.0,0.029656726866960526,0.0,0.020853865891695023,0.0,0.13468040525913239,0.5147278904914856,0.0
0.0,0.0,0.0,0.0,0.0,0.0,0.07571487128734589,0.17173102498054504,0.0,0.0,0.0,0.2611246407032013,0.48724326491355896,0.0
0.0,0.0,0.012439318932592869,0.010328607633709908,0.0,0.0,0.3643094003200531,0.0,0.0,0.021756749600172043,0.0,0.08194495737552643,0.37852993607521057,0.13004983961582184
0.0,0.0,0.0,0.0,0.0,0.03970371559262276,0.12927258014678955,0.06109411641955376,0.0,0.07371372729539871,0.0,0.024705886840820312,0.6705244779586792,0.0
0.0,0.0,0.0,0.0,0.0,0.09452073276042938,0.0,0.0,0.0,0.0,0.0,0.1368400603532791,0.7611895799636841,0.0
0.0,0.0,0.0,0.093263179063797,0.0,0.014799728989601135,0.018369626253843307,0.0,0.0,0.0,0.0,0.030489584431052208,0.8421269059181213,0.0
0.0,0.0,0.0,0.0,0.0,0.1797477900981903,0.0,0.0,0.0,0.0,0.0,0.22063852846622467,0.5621463060379028,0.03352561965584755
0.0,0.0,0.0,0.0,0.0,0.0916154533624649,0.09149078279733658,0.0,0.0,0.0,0.0,0.20464558899402618,0.6067956686019897,0.0
0.0,0.0,0.0,0.03372018411755562,0.0,0.049881357699632645,0.0,0.0,0.0,0.0,0.0,0.0886310487985611,0.8242466449737549,0.0
0.0,0.0,0.0,0.14812585711479187,0.0,0.0,0.1358828991651535,0.03862626105546951,0.0,0.0,0.0,0.11945949494838715,0.5520515441894531,0.0
0.0,0.0,0.0,0.48267820477485657,0.0,0.02080962248146534,0.0,0.0,0.0,0.0,0.0,0.07057428359985352,0.4241994023323059,0.0
0.0,0.0,0.0,0.0,0.0,0.03226562961935997,0.013425447046756744,0.0,0.0,0.0,0.0,0.0478375144302845,0.8976724743843079,0.0
0.0,0.0,0.0,0.0,0.0,0.051256000995635986,0.0,0.020525457337498665,0.0,0.0,0.0,0.4969291687011719,0.42149680852890015,0.0
0.051276180893182755,0.0,0.0,0.07355958223342896,0.0,0.0,0.0,0.0,0.0,0.0,0.0,0.0,0.8689786791801453,0.0
0.0,0.0,0.0,0.0,0.0,0.0,0.0,0.2639274597167969,0.0,0.0,0.0,0.08946473151445389,0.6447541117668152,0.0
0.0,0.0,0.0,0.0,0.0,0.0,0.041437145322561264,0.026164354756474495,0.0,0.15274564921855927,0.0,0.10372494906187057,0.6663904786109924,0.0
0.0,0.0,0.0,0.0,0.0,0.0,0.0,0.03389304131269455,0.0,0.0,0.0,0.39709773659706116,0.5626638531684875,0.0
0.0,0.0,0.0,0.042367540299892426,0.0,0.22048643231391907,0.0,0.0,0.0,0.0,0.0,0.014789270237088203,0.6262037754058838,0.0909547433257103
0.0,0.0,0.0,0.0,0.0,0.31284019351005554,0.0,0.0,0.0,0.0,0.011201822198927402,0.26477429270744324,0.4079914391040802,0.0
0.0,0.0,0.0,0.0,0.0,0.06558708101511002,0.0,0.0,0.0,0.0,0.0,0.3673010766506195,0.5635004639625549,0.0
0.0,0.0,0.0,0.3154033422470093,0.0,0.0,0.0,0.0888463482260704,0.0,0.0,0.0,0.18697351217269897,0.407169371843338,0.0
0.0,0.0,0.0,0.0,0.0,0.015646714717149734,0.3063553273677826,0.0,0.0,0.0,0.0,0.07573921233415604,0.5927669405937195,0.0
0.0,0.0,0.0,0.023384349420666695,0.0,0.0,0.0,0.0,0.0,0.10003447532653809,0.0,0.25385668873786926,0.41947680711746216,0.19294393062591553
0.0,0.0,0.043182455003261566,0.0,0.0,0.010946261696517467,0.16194137930870056,0.0,0.0,0.0,0.0,0.39330410957336426,0.3882322311401367,0.0
0.0,0.0,0.0,0.07358843833208084,0.0,0.0,0.1300962120294571,0.04288429021835327,0.010617649182677269,0.0,0.0,0.24981775879859924,0.48508450388908386,0.0
0.0,0.0,0.0,0.014640449546277523,0.0,0.11796577274799347,0.0,0.17306530475616455,0.0,0.0,0.0,0.2169637829065323,0.3046497404575348,0.16578759253025055
0.0,0.0,0.0,0.045651793479919434,0.0,0.10459540039300919,0.0,0.0571042075753212,0.0,0.0,0.0,0.3877637982368469,0.3988626301288605,0.0
0.0,0.0,0.0,0.2552872896194458,0.0,0.06810830533504486,0.0,0.011307799257338047,0.0,0.0,0.0,0.09072737395763397,0.5700371265411377,0.0
0.0,0.0,0.020854974165558815,0.0,0.0,0.0,0.022134803235530853,0.058764033019542694,0.0,0.46997812390327454,0.0,0.14427176117897034,0.28249117732048035,0.0
0.0,0.0,0.0,0.0,0.0,0.3496837019920349,0.0,0.0,0.0,0.0,0.0,0.11783327907323837,0.5074190497398376,0.014455921947956085
0.0,0.0,0.0,0.06970688700675964,0.0,0.0,0.0,0.15616697072982788,0.0,0.0,0.0,0.321989506483078,0.4457988142967224,0.0
0.0,0.0,0.0,0.0,0.0,0.08361561596393585,0.0,0.0,0.0,0.047730837017297745,0.0,0.2480827420949936,0.6131205558776855,0.0
0.0,0.0,0.029285885393619537,0.09702341258525848,0.0,0.0,0.0,0.016553116962313652,0.0,0.06965486705303192,0.0,0.07426358014345169,0.7107765674591064,0.0
0.0,0.0,0.0,0.0,0.0,0.2561603784561157,0.0,0.0,0.0,0.0,0.0,0.0695059522986412,0.6706327199935913,0.0
0.0,0.0,0.0,0.0,0.0,0.0,0.0,0.0,0.0,0.0,0.0,0.4055195450782776,0.5840486884117126,0.0
0.0,0.0,0.0,0.0451282262802124,0.0,0.0,0.0,0.24609225988388062,0.0,0.0,0.0,0.013426471501588821,0.6895262002944946,0.0
0.0,0.0,0.0,0.0,0.0,0.0,0.09393052011728287,0.1846657395362854,0.0,0.0,0.0,0.04352957382798195,0.6763402819633484,0.0
0.0,0.0,0.0,0.0,0.0,0.0,0.02947552502155304,0.0,0.0,0.0,0.0,0.05853964388370514,0.7979882955551147,0.11136549711227417
0.0,0.0,0.0,0.0,0.0,0.0,0.0,0.0,0.0,0.0,0.0,0.07717316597700119,0.9092203378677368,0.0
0.0,0.0,0.0,0.0,0.0,0.0,0.34610870480537415,0.0,0.0,0.0,0.0,0.11251546442508698,0.5287926197052002,0.0
0.0,0.0,0.0,0.09149302542209625,0.0,0.13080564141273499,0.0,0.0,0.0,0.0,0.0,0.3831901550292969,0.3380686342716217,0.046867214143276215
0.0,0.0,0.0,0.04261556267738342,0.0,0.013666522689163685,0.0,0.13081906735897064,0.0,0.012517332099378109,0.0,0.030178837478160858,0.7691440582275391,0.0
0.0,0.01476914994418621,0.0,0.04440708085894585,0.0,0.0,0.12477567791938782,0.07187700271606445,0.0,0.0,0.0,0.05824551358819008,0.6753979325294495,0.0
0.0,0.0,0.0,0.2463296353816986,0.0,0.03230321407318115,0.0,0.0,0.11553608626127243,0.02511192113161087,0.0,0.09002223610877991,0.4862295091152191,0.0
0.0,0.0,0.030781304463744164,0.0,0.0,0.286289781332016,0.0,0.0,0.0,0.0,0.0,0.011491640470921993,0.577172040939331,0.08759735524654388
0.0,0.0,0.0,0.05057552084326744,0.0,0.1928228884935379,0.0,0.0,0.0,0.0,0.0,0.1502213478088379,0.5941312909126282,0.0
0.0,0.0,0.0,0.09208709001541138,0.0,0.0,0.0,0.0,0.0,0.03224244341254234,0.0,0.478923499584198,0.3892103433609009,0.0
0.0,0.0,0.0,0.0,0.0,0.0,0.5596908330917358,0.0,0.0,0.0,0.0,0.06327641010284424,0.37293413281440735,0.0
0.0,0.0,0.0,0.0,0.0,0.0,0.20178772509098053,0.0,0.0,0.0,0.02229115553200245,0.21795165538787842,0.52506023645401,0.0289679653942585
0.0,0.0,0.0,0.19701004028320312,0.0,0.05863341689109802,0.0,0.0,0.0,0.0,0.0,0.17613260447978973,0.5588206052780151,0.0
0.034455686807632446,0.0,0.0,0.0,0.0,0.0,0.0,0.0,0.0,0.0,0.0,0.09255704283714294,0.41795724630355835,0.4452403485774994
0.0,0.0,0.0,0.14945334196090698,0.0,0.016467226669192314,0.02684789150953293,0.0,0.0,0.0,0.0,0.3468596041202545,0.44552895426750183,0.0
0.0,0.0,0.0,0.2952030599117279,0.0,0.0,0.0,0.042377885431051254,0.0,0.010111660696566105,0.0,0.07219299674034119,0.5789669156074524,0.0
0.0,0.0,0.0,0.053908053785562515,0.0,0.020988933742046356,0.015067453496158123,0.0,0.0,0.0,0.0,0.06303132325410843,0.7703468203544617,0.06422144919633865
0.0,0.0,0.0,0.06322314590215683,0.0,0.039438989013433456,0.0,0.19879041612148285,0.0,0.0,0.0,0.23211854696273804,0.44894295930862427,0.0
0.0,0.0,0.0,0.04294814541935921,0.0,0.09074179083108902,0.0,0.0,0.0,0.0,0.0,0.05515268072485924,0.8093411922454834,0.0
0.0,0.0,0.0,0.03429329767823219,0.0,0.0,0.037620674818754196,0.0,0.0,0.0,0.0,0.0,0.9154880046844482,0.0
0.0,0.0,0.0,0.155218243598938,0.0,0.1371728479862213,0.0,0.07690392434597015,0.0,0.0,0.0,0.07350771874189377,0.5467414259910583,0.0
0.0,0.0,0.0,0.0,0.0,0.16916880011558533,0.0,0.0,0.0,0.0,0.0,0.19137223064899445,0.5012412071228027,0.12683692574501038
0.0,0.0,0.0,0.0,0.0,0.0,0.0,0.08971934020519257,0.0,0.0,0.016753770411014557,0.12441930174827576,0.7563977837562561,0.0
0.0,0.0,0.02944887802004814,0.0,0.0,0.06219624727964401,0.0,0.0,0.0,0.0,0.0,0.4429628849029541,0.45646411180496216,0.0
0.0,0.0,0.0,0.06511763483285904,0.0,0.0,0.06583058834075928,0.0,0.0,0.0,0.0,0.2842932641506195,0.5779289603233337,0.0
0.0,0.0,0.0,0.02874843217432499,0.0,0.0,0.0,0.27145516872406006,0.0,0.0,0.0,0.04672997444868088,0.6515006422996521,0.0
0.0,0.0,0.0,0.0,0.0,0.0,0.0,0.0,0.0,0.017397155985236168,0.0,0.0,0.9252616167068481,0.04209991171956062
0.0,0.0,0.0,0.0,0.0,0.019195331260561943,0.21092286705970764,0.0,0.0,0.0,0.0,0.028604108840227127,0.7343201041221619,0.0
0.0,0.0,0.0,0.0,0.0,0.05056246742606163,0.0,0.0,0.0,0.04458758607506752,0.0,0.04215176776051521,0.8424030542373657,0.017758684232831
0.0,0.0,0.0,0.0,0.0,0.0,0.08100360631942749,0.0,0.0,0.0,0.0,0.21257098019123077,0.6997599601745605,0.0
0.0,0.0,0.04176582023501396,0.08795981854200363,0.0,0.0,0.013875899836421013,0.0,0.0,0.14107659459114075,0.0,0.2289334237575531,0.4860130846500397,0.0
0.0,0.0,0.0,0.0,0.0,0.0,0.14797444641590118,0.0,0.0,0.0,0.0,0.0,0.8410525918006897,0.0
0.0,0.0,0.0,0.0,0.0,0.08274957537651062,0.21551655232906342,0.0,0.0,0.016453556716442108,0.0,0.029472479596734047,0.6372419595718384,0.017884908244013786
0.0,0.0,0.0,0.42235204577445984,0.0,0.0,0.0,0.0,0.0,0.0,0.0,0.1695147305727005,0.40146687626838684,0.0
0.0,0.0,0.0,0.0,0.0,0.0,0.0,0.0,0.0,0.0,0.0,0.07511371374130249,0.9186244010925293,0.0
0.0,0.0,0.0,0.0,0.0,0.0,0.035439979285001755,0.0,0.0,0.0,0.0,0.19626323878765106,0.481968492269516,0.2835308313369751
0.0,0.0,0.0,0.0,0.0,0.17929668724536896,0.0,0.0,0.0,0.0,0.0,0.47543713450431824,0.3358651101589203,0.0
0.0,0.0,0.0,0.0,0.0,0.0,0.08097461611032486,0.0,0.0,0.0,0.0,0.3512101173400879,0.5555305480957031,0.0
0.0,0.0,0.0,0.0,0.0,0.0,0.03731303662061691,0.14163289964199066,0.0,0.0,0.0,0.10504165291786194,0.7074053287506104,0.0
0.0,0.0,0.0,0.0,0.0,0.03914206847548485,0.02640843205153942,0.0,0.0,0.0,0.0,0.10618309676647186,0.8196739554405212,0.0
0.0,0.0,0.0,0.0,0.0,0.0,0.08487360179424286,0.0,0.0,0.0,0.0,0.24552381038665771,0.6656846404075623,0.0
0.0,0.0,0.0,0.0,0.0,0.0,0.0,0.0,0.0,0.0,0.0,0.01028427854180336,0.2597997188568115,0.7128103971481323
0.0,0.0,0.0,0.0,0.0,0.0,0.09638194739818573,0.01440327987074852,0.0,0.0,0.0,0.1397910863161087,0.7477665543556213,0.0
0.0,0.0,0.0,0.0,0.0,0.025303814560174942,0.02558283880352974,0.0,0.0,0.054719820618629456,0.0,0.03278357908129692,0.859458863735199,0.0
0.0,0.0,0.0,0.07057023793458939,0.0,0.09360919147729874,0.0,0.0,0.0,0.1304062157869339,0.0,0.1767011135816574,0.34276771545410156,0.1841835081577301
0.0,0.0,0.0,0.0,0.0,0.0,0.20713815093040466,0.010542523115873337,0.0,0.0,0.0,0.21498049795627594,0.5651193857192993,0.0
0.0,0.0,0.0,0.03147907927632332,0.0,0.0,0.0367535762488842,0.02713260054588318,0.0,0.012892777100205421,0.0,0.1180182620882988,0.7729030847549438,0.0
0.0,0.0,0.0,0.11981292068958282,0.0,0.0,0.0,0.0,0.0,0.03626786544919014,0.0,0.3527018129825592,0.4725578725337982,0.0
0.0,0.0,0.0,0.0,0.0,0.014267485588788986,0.03459605202078819,0.0,0.0,0.0,0.0,0.038910456001758575,0.9073095321655273,0.0
0.0,0.0,0.0,0.0,0.0,0.0,0.3590254783630371,0.011741011403501034,0.0,0.0,0.0,0.255532443523407,0.3637941777706146,0.0
0.0,0.0,0.0,0.0,0.0,0.015572434291243553,0.02586028352379799,0.0,0.0,0.0,0.0,0.0,0.641261875629425,0.30488383769989014
0.0,0.0,0.0,0.0,0.0,0.12104491144418716,0.05046369135379791,0.0,0.0,0.10469142347574234,0.020632177591323853,0.11441333591938019,0.5774268507957458,0.0
0.0,0.0,0.0,0.1336619257926941,0.0,0.0,0.0,0.0,0.0,0.0,0.0,0.053553152829408646,0.8090294599533081,0.0
0.0,0.0,0.0,0.0,0.0,0.0,0.06416705995798111,0.0,0.0,0.0,0.0,0.027136055752635002,0.2709266245365143,0.6348035335540771
0.0,0.0,0.0419418141245842,0.0,0.0,0.0,0.0,0.01716650277376175,0.0,0.37914666533470154,0.0,0.22116588056087494,0.3385005593299866,0.0
0.0,0.0,0.0,0.015680819749832153,0.0,0.0,0.0,0.0,0.0,0.0,0.01048213616013527,0.2105516791343689,0.4128117263317108,0.34760382771492004
0.0,0.0,0.0,0.0,0.0,0.0,0.03852953389286995,0.0,0.0,0.09275980293750763,0.0,0.2897322177886963,0.5781972408294678,0.0
0.0,0.0,0.0,0.21647129952907562,0.0,0.0,0.0,0.03412466123700142,0.0,0.0,0.0,0.17527857422828674,0.5715128779411316,0.0
0.0,0.0,0.0,0.22185875475406647,0.0,0.030007541179656982,0.0,0.0,0.0,0.0,0.0,0.20040635764598846,0.5171310901641846,0.02845451608300209
0.0,0.0,0.0,0.09389308840036392,0.0,0.0,0.07115275412797928,0.12437455356121063,0.0,0.0,0.0,0.06091276556253433,0.6469981670379639,0.0
0.0,0.0,0.0,0.08134482055902481,0.0,0.0,0.0,0.03930451348423958,0.0,0.2574600577354431,0.0,0.1208348423242569,0.4928591549396515,0.0
0.0,0.0,0.0,0.019037986174225807,0.0,0.0,0.044592782855033875,0.0,0.0,0.0,0.0,0.23133695125579834,0.6957091689109802,0.0
0.0,0.0,0.0,0.20769621431827545,0.0,0.0,0.0,0.026135951280593872,0.0,0.0,0.0,0.25910213589668274,0.505054235458374,0.0
0.0,0.0,0.0,0.09110722690820694,0.0,0.0,0.03158709406852722,0.01717735454440117,0.0,0.0,0.0,0.12197735905647278,0.733922004699707,0.0
0.0,0.0,0.0,0.0,0.0,0.0,0.0,0.23251089453697205,0.0,0.012237162329256535,0.0,0.0,0.7393414974212646,0.0
0.0,0.0,0.0,0.0,0.0,0.0,0.0,0.26092731952667236,0.0,0.0,0.0,0.0864153504371643,0.650113582611084,0.0
0.0,0.0,0.0,0.04749735817313194,0.0,0.0,0.0,0.24860882759094238,0.0,0.0,0.0,0.07381236553192139,0.6293062567710876,0.0
0.0,0.0,0.0,0.0,0.0,0.07384570688009262,0.0691821351647377,0.0,0.0,0.0,0.0,0.1269150972366333,0.6905931234359741,0.03765749931335449
0.0,0.0,0.0,0.027854882180690765,0.0,0.0,0.09501220285892487,0.0,0.0,0.17753499746322632,0.0,0.17309284210205078,0.5251164436340332,0.0
0.0,0.0,0.0,0.0,0.0,0.010315376333892345,0.0,0.011015743017196655,0.0,0.058856427669525146,0.0,0.15014946460723877,0.7653433680534363,0.0
0.0,0.0,0.0,0.34168627858161926,0.0,0.027984339743852615,0.0,0.0,0.0,0.0,0.0,0.20214012265205383,0.3814893364906311,0.04616715386509895
0.0,0.0,0.0,0.012766407802700996,0.0,0.017517557367682457,0.28000545501708984,0.015284508466720581,0.0,0.0,0.0,0.25279873609542847,0.3601509630680084,0.061011165380477905
0.0,0.0,0.0,0.02287178300321102,0.0,0.0,0.014179861173033714,0.05840503051877022,0.0,0.10184747725725174,0.0,0.042229827493429184,0.7578448057174683,0.0
0.0,0.0,0.0,0.0,0.0,0.0,0.03865129500627518,0.0,0.0,0.0,0.0,0.05681510269641876,0.8887735605239868,0.0
0.0,0.0,0.0,0.0,0.0,0.04749440401792526,0.0,0.0,0.0,0.0,0.01070429477840662,0.08401404321193695,0.8493004441261292,0.0
0.0,0.0,0.0,0.0,0.0,0.0,0.0,0.013054007664322853,0.0,0.0,0.0,0.3056574761867523,0.668421745300293,0.0
0.0,0.0,0.0,0.27474913001060486,0.0,0.0,0.018988914787769318,0.0,0.0,0.0,0.0,0.329996794462204,0.3718005418777466,0.0
0.0,0.0,0.0,0.012510665692389011,0.0,0.0,0.06173458695411682,0.21566849946975708,0.0,0.0,0.0,0.1101793646812439,0.5985061526298523,0.0
0.0,0.0,0.0,0.0,0.0,0.0,0.11928777396678925,0.08890923112630844,0.0,0.0,0.0,0.26262572407722473,0.5258511304855347,0.0
0.0,0.0,0.0,0.13192902505397797,0.0,0.11586214601993561,0.0,0.0,0.0,0.0,0.0,0.33933937549591064,0.402712345123291,0.0
0.0,0.0,0.0,0.027466081082820892,0.0,0.0,0.0,0.0,0.0,0.0,0.0,0.353510320186615,0.612866997718811,0.0
0.0,0.0,0.0,0.0,0.0,0.01387637946754694,0.020844057202339172,0.06522644311189651,0.0,0.0,0.0,0.11519079655408859,0.7821024060249329,0.0
0.0,0.0,0.0,0.04224658012390137,0.0,0.011136929504573345,0.0,0.027048038318753242,0.0,0.011466672644019127,0.0,0.15945862233638763,0.7418544292449951,0.0
0.0,0.0,0.0,0.010833526030182838,0.0,0.0,0.031864870339632034,0.0,0.0,0.0,0.0,0.13218961656093597,0.8212760090827942,0.0
0.0,0.0,0.0,0.054573021829128265,0.0,0.013927883468568325,0.0,0.16008058190345764,0.0,0.01927025057375431,0.0,0.12171337008476257,0.6279184818267822,0.0
0.0,0.0,0.0,0.019339513033628464,0.0,0.01975247822701931,0.12917223572731018,0.0,0.0,0.010258868336677551,0.0,0.09047453850507736,0.7225117087364197,0.0
0.0,0.0,0.0,0.1308053731918335,0.0,0.041582733392715454,0.0,0.0,0.0,0.0,0.0,0.13569535315036774,0.65386563539505,0.021887188777327538
0.0,0.0,0.0,0.08751118928194046,0.0,0.0,0.0,0.02018382027745247,0.0,0.0,0.0,0.19877339899539948,0.5437934398651123,0.14311327040195465
0.0,0.0,0.0,0.048365481197834015,0.0,0.0,0.21434293687343597,0.03261091932654381,0.0,0.013648448511958122,0.0,0.0766860768198967,0.6135157942771912,0.0
0.0,0.0,0.0,0.017555058002471924,0.0,0.0,0.0,0.0,0.03248986601829529,0.0,0.0,0.012493698857724667,0.9278389811515808,0.0
0.0,0.0,0.0,0.0,0.0,0.04763435199856758,0.2737143337726593,0.0,0.0,0.0,0.0,0.2531713545322418,0.41907885670661926,0.0
0.0,0.0,0.0,0.01974586956202984,0.0,0.0,0.014077326282858849,0.0,0.0,0.0,0.0,0.29833632707595825,0.5918352603912354,0.060052137821912766
0.0,0.0,0.0,0.0,0.0,0.013047533109784126,0.0,0.22654569149017334,0.0,0.0,0.0,0.2879925072193146,0.46321767568588257,0.0
0.0,0.0,0.0,0.05911434069275856,0.0,0.0,0.0,0.0,0.0,0.07496888935565948,0.0,0.035654038190841675,0.8209649324417114,0.0
0.0,0.0,0.0,0.016156375408172607,0.0,0.0,0.2118072360754013,0.16633068025112152,0.0,0.0,0.0,0.12344488501548767,0.4815140664577484,0.0
0.0,0.0,0.0,0.2694425880908966,0.0,0.02076100744307041,0.0,0.0,0.0,0.0,0.0,0.22869634628295898,0.48038047552108765,0.0
0.0,0.0,0.0,0.15340512990951538,0.0,0.0,0.0,0.03387121111154556,0.0,0.0,0.0,0.27451708912849426,0.5271307826042175,0.0
0.0,0.0,0.0,0.0,0.0,0.0,0.06772768497467041,0.0,0.0,0.0243434626609087,0.0,0.6019670367240906,0.29936039447784424,0.0
0.0,0.0,0.0,0.0,0.0,0.03453763201832771,0.0,0.0,0.0,0.2881528437137604,0.0,0.0,0.6719618439674377,0.0
0.0,0.0,0.010094580240547657,0.09470952302217484,0.0,0.0,0.022172491997480392,0.013805649243295193,0.0,0.0,0.0,0.0,0.847329318523407,0.0
0.0,0.0,0.0,0.0,0.0,0.024656349793076515,0.07065800577402115,0.0,0.0,0.014880925416946411,0.0,0.22129610180854797,0.660717785358429,0.0
0.0,0.0,0.029260115697979927,0.03720945119857788,0.0,0.0323977954685688,0.04110731929540634,0.061721909791231155,0.0,0.0,0.0,0.2331818789243698,0.5640521049499512,0.0
0.0,0.0,0.0,0.033663056790828705,0.0,0.0188850499689579,0.19596007466316223,0.0,0.0,0.0,0.0,0.017837800085544586,0.7294629216194153,0.0
0.0,0.0,0.0,0.0,0.0,0.0,0.015828024595975876,0.0,0.0,0.03706519305706024,0.0,0.3070967197418213,0.6307067275047302,0.0
0.0,0.0,0.0,0.0,0.0,0.0,0.07147301733493805,0.25362321734428406,0.0,0.0,0.0,0.054907605051994324,0.6146533489227295,0.0
0.0,0.0,0.03002019412815571,0.0,0.0,0.0,0.07183004915714264,0.04576713964343071,0.0,0.4366515576839447,0.0,0.15313343703746796,0.26144033670425415,0.0
0.0,0.0,0.0,0.015238786116242409,0.0,0.0,0.11772627383470535,0.07578378170728683,0.0,0.02329801581799984,0.0,0.04485135152935982,0.7114323973655701,0.011432214640080929
0.0,0.0,0.0,0.0,0.0,0.0,0.0,0.0,0.0,0.0,0.0,0.24596752226352692,0.7401899099349976,0.0
0.0,0.0,0.0,0.0,0.0,0.051795218139886856,0.14910180866718292,0.01521989144384861,0.0,0.0,0.0,0.1298557072877884,0.6385414004325867,0.0
0.0,0.0,0.0,0.017654256895184517,0.0,0.0,0.09672538191080093,0.0,0.0,0.0689086839556694,0.0,0.34824585914611816,0.46688082814216614,0.0
0.0,0.0,0.0,0.0,0.0,0.0,0.18632525205612183,0.011831063777208328,0.0,0.0,0.0,0.2754250466823578,0.44871529936790466,0.0762927457690239
0.0,0.0,0.0,0.0,0.0,0.0,0.09003255516290665,0.28133177757263184,0.0,0.0,0.0,0.1588411182165146,0.46332353353500366,0.0
0.0,0.0,0.0,0.0,0.0,0.0,0.011861099861562252,0.0,0.0,0.0,0.0,0.11951884627342224,0.2995254397392273,0.5679085850715637
0.0,0.0,0.0,0.32903313636779785,0.0,0.0,0.0,0.0,0.0,0.0,0.0,0.1679559350013733,0.4961511790752411,0.0
0.0,0.0,0.0,0.03150755167007446,0.027857236564159393,0.0,0.0,0.0,0.0,0.0,0.0,0.2729142904281616,0.6612018942832947,0.0
0.0,0.0,0.0,0.22682558000087738,0.0,0.0,0.029033051803708076,0.012595421634614468,0.0,0.0,0.0,0.1443786770105362,0.5864161252975464,0.0
0.0,0.0,0.0,0.0,0.0,0.03679521754384041,0.0,0.0,0.0,0.027189064770936966,0.0,0.08697125315666199,0.8437187075614929,0.0
0.0,0.0,0.0,0.014154951088130474,0.0,0.0,0.14328551292419434,0.0,0.0,0.0,0.016351062804460526,0.25324535369873047,0.5674377083778381,0.0
0.0,0.0,0.0,0.08355381339788437,0.0,0.06050539389252663,0.042875416576862335,0.0,0.0,0.0,0.0,0.17103269696235657,0.48233458399772644,0.15279848873615265
0.0,0.0,0.0,0.0,0.0,0.0,0.5198212265968323,0.02237178012728691,0.0,0.0,0.0,0.09646151214838028,0.3603212833404541,0.0
0.0,0.0,0.1427070051431656,0.0,0.0,0.0,0.1782587766647339,0.0,0.0,0.0,0.0,0.4017595648765564,0.2671393156051636,0.0
0.0,0.0,0.0,0.013386992737650871,0.0,0.0,0.0,0.04066460207104683,0.0,0.018222350627183914,0.0,0.28070321679115295,0.6450976133346558,0.0
0.0,0.0,0.0,0.17539699375629425,0.0,0.0586543045938015,0.0,0.020701320841908455,0.0,0.11013609170913696,0.0,0.1343052089214325,0.49322450160980225,0.0
0.045392610132694244,0.0,0.0,0.3043517768383026,0.0,0.0333290696144104,0.0,0.0,0.0,0.0,0.0,0.07716929912567139,0.5368414521217346,0.0
0.0,0.0,0.0,0.0,0.0,0.0,0.10286929458379745,0.07163532823324203,0.0,0.0,0.0,0.13015662133693695,0.6869462728500366,0.0
0.0,0.0,0.0,0.0,0.0,0.08177828043699265,0.0,0.0,0.0,0.0,0.037714723497629166,0.10628817975521088,0.5407186150550842,0.23103635013103485
0.0,0.10309094935655594,0.0,0.0,0.0,0.05685043707489967,0.05944747105240822,0.0,0.0,0.0,0.0,0.49541985988616943,0.21854959428310394,0.062436241656541824
0.0,0.0,0.0,0.289928138256073,0.0,0.0,0.020208775997161865,0.06213294714689255,0.0,0.0,0.0,0.014033228158950806,0.5982296466827393,0.0
0.0,0.0,0.0,0.0,0.0,0.0,0.3284454643726349,0.05781262367963791,0.0,0.0,0.0,0.28060704469680786,0.3318314552307129,0.0
0.0,0.0,0.0,0.030793240293860435,0.0,0.04182657599449158,0.0,0.0809519961476326,0.0,0.02505401521921158,0.0,0.4236908555030823,0.39651745557785034,0.0
0.0,0.0,0.07916595786809921,0.0,0.0,0.0,0.0,0.0,0.0,0.010458934120833874,0.0,0.19526274502277374,0.7111328840255737,0.0
0.0,0.0,0.0,0.0698726624250412,0.0,0.0810147300362587,0.02405332587659359,0.0,0.0,0.0,0.10893025249242783,0.014818986877799034,0.66548752784729,0.03531065583229065
0.0,0.0,0.0,0.027555204927921295,0.0,0.0,0.0,0.0,0.0,0.0,0.0,0.6244102120399475,0.34034463763237,0.0
0.0,0.0,0.0,0.2736486792564392,0.0,0.0,0.0,0.01464424654841423,0.0,0.0,0.0,0.2831180691719055,0.4226471781730652,0.0
0.0,0.0,0.0,0.050678130239248276,0.0,0.0,0.07861223071813583,0.0,0.0,0.0,0.0,0.2061167061328888,0.6566138863563538,0.0
0.0,0.0,0.0,0.0,0.0,0.1541103571653366,0.03735681250691414,0.0,0.0,0.0,0.0,0.030753444880247116,0.7386811375617981,0.02831718698143959
0.0,0.0,0.0,0.04674791917204857,0.0,0.01015530526638031,0.019085315987467766,0.058847445994615555,0.0,0.0,0.0,0.09950225800275803,0.7648859024047852,0.0
0.0,0.0,0.0,0.01959589496254921,0.0,0.018790148198604584,0.032338015735149384,0.07633883506059647,0.0,0.0,0.0,0.12565669417381287,0.7231786251068115,0.0
0.0,0.0,0.0,0.012022098526358604,0.0,0.0,0.0,0.21615181863307953,0.0,0.04828035458922386,0.0,0.017786899581551552,0.7027789354324341,0.0
0.0,0.0,0.0,0.0,0.0,0.0,0.053237710148096085,0.0,0.0,0.0,0.0,0.12405405193567276,0.7987367510795593,0.0
0.0,0.0,0.0,0.017130590975284576,0.0,0.044044967740774155,0.09517939388751984,0.0,0.0,0.0,0.0,0.24157382547855377,0.5551903247833252,0.04544195905327797
0.0,0.0,0.0,0.061925578862428665,0.0,0.0,0.0,0.0,0.0,0.0723126009106636,0.0,0.11160072684288025,0.7459844350814819,0.0
0.0,0.0,0.0,0.0,0.0,0.033750541508197784,0.04665060713887215,0.014887943863868713,0.0,0.0,0.0,0.1003105416893959,0.799035370349884,0.0
0.0,0.0,0.0,0.2905580401420593,0.0,0.0,0.0,0.0,0.0,0.0,0.0,0.02258819341659546,0.6721906661987305,0.0
0.0,0.0,0.0,0.25868910551071167,0.0,0.0,0.0,0.0,0.0,0.0,0.0,0.11948755383491516,0.6102724075317383,0.0
0.0,0.0,0.0,0.0,0.0,0.019126275554299355,0.0,0.0,0.0,0.0,0.0,0.0392516553401947,0.5335748791694641,0.3990565538406372
0.0,0.0,0.0,0.5282248258590698,0.0,0.0,0.0,0.03002369962632656,0.0,0.0,0.0,0.08956577628850937,0.3417089581489563,0.0
0.0,0.0,0.0,0.016502119600772858,0.0,0.028253572061657906,0.0,0.0,0.0,0.0,0.0,0.3556920289993286,0.5973750948905945,0.0
0.0,0.0,0.0,0.0,0.0,0.14573651552200317,0.0,0.1957101821899414,0.0,0.0,0.0,0.18170657753944397,0.4744453728199005,0.0
0.0,0.0,0.0,0.034945160150527954,0.0,0.0,0.11880779266357422,0.13171778619289398,0.0,0.011892199516296387,0.0,0.1911935657262802,0.5031681060791016,0.0
0.0,0.0,0.0,0.047980885952711105,0.0,0.0,0.0,0.0,0.0,0.09403020888566971,0.0,0.198380246758461,0.6567468047142029,0.0
0.0,0.0,0.0,0.17160914838314056,0.0,0.048663824796676636,0.0,0.0,0.0,0.0,0.0,0.14265207946300507,0.6268119812011719,0.0
0.0,0.0,0.0,0.07451274991035461,0.0,0.02391352877020836,0.03872574493288994,0.0,0.0,0.0,0.0,0.1336895078420639,0.7196679711341858,0.0
0.0,0.0,0.0,0.05747893080115318,0.0,0.0,0.0,0.0,0.0,0.0,0.0,0.16539238393306732,0.774235725402832,0.0
0.0,0.0,0.0,0.0,0.0,0.05729348957538605,0.026887500658631325,0.026064932346343994,0.0,0.0,0.02771766297519207,0.038838256150484085,0.8195902705192566,0.0
0.0,0.0,0.0,0.013815589249134064,0.0,0.5563451051712036,0.0,0.0,0.0,0.0,0.0,0.20292890071868896,0.18773695826530457,0.03812364488840103
0.0,0.0,0.0,0.0,0.0,0.0,0.08203906565904617,0.0,0.0,0.0,0.0,0.2011640965938568,0.7078671455383301,0.0
0.0,0.0,0.0,0.0,0.0,0.0,0.0,0.06384739279747009,0.0,0.0,0.0,0.06902898848056793,0.8621016144752502,0.0
0.0,0.0,0.0,0.07017849385738373,0.0,0.013981943018734455,0.0,0.0,0.0,0.08806852996349335,0.0,0.25776207447052,0.5690988898277283,0.0
0.016409391537308693,0.0,0.0,0.11036311835050583,0.0,0.0,0.0,0.057319242507219315,0.0,0.0,0.027165357023477554,0.3501048982143402,0.4265550374984741,0.0
0.0,0.0,0.0,0.0845184400677681,0.0,0.0,0.0,0.08721358329057693,0.0,0.09054432064294815,0.0,0.05702599510550499,0.6709299683570862,0.0
0.0,0.0,0.0,0.025048939511179924,0.0,0.0,0.12033466249704361,0.0,0.0,0.0,0.0,0.04406747967004776,0.7324455380439758,0.061180610209703445
0.0,0.0,0.0,0.0,0.0,0.022296370938420296,0.0,0.0,0.014434983022511005,0.0,0.0,0.318771094083786,0.6293644309043884,0.0
0.0,0.0,0.07193772494792938,0.0,0.0,0.0,0.0,0.0,0.0,0.0,0.0,0.06682680547237396,0.5295902490615845,0.30916184186935425
0.0,0.0,0.0,0.03587646782398224,0.0,0.0,0.0,0.012714912183582783,0.0,0.0,0.0,0.1459452360868454,0.7626557946205139,0.03858598321676254
0.0,0.0,0.0,0.020329385995864868,0.0,0.0,0.09110191464424133,0.0,0.0,0.02345985919237137,0.0,0.17245686054229736,0.6863933801651001,0.0
0.0,0.0,0.0,0.0,0.0,0.0,0.4975050687789917,0.0,0.0,0.0,0.0,0.07704014331102371,0.4243166446685791,0.0
0.0,0.0,0.0,0.027987070381641388,0.0,0.012473094277083874,0.1555434614419937,0.0,0.0,0.0,0.0,0.14191368222236633,0.6280642747879028,0.033148981630802155
0.0,0.0,0.0,0.0,0.0,0.19544611871242523,0.0,0.06315410882234573,0.0,0.0,0.0,0.018481574952602386,0.5545938014984131,0.16434946656227112
0.0,0.0,0.0,0.010762565769255161,0.0,0.048989418894052505,0.10273019224405289,0.0,0.0,0.0,0.0,0.2126799076795578,0.5222777128219604,0.1012272760272026
0.0,0.0,0.0,0.0,0.0,0.49785110354423523,0.0,0.0,0.0,0.0,0.017455777153372765,0.1438012272119522,0.3078884482383728,0.031460605561733246
0.0,0.0,0.0,0.034698277711868286,0.0,0.0,0.0,0.015448624268174171,0.0,0.0,0.0,0.24328362941741943,0.6978285312652588,0.0
0.0,0.0,0.0,0.029923977330327034,0.0,0.017554305493831635,0.11211387813091278,0.0,0.0,0.0,0.0,0.12889446318149567,0.6785107851028442,0.03045000694692135
0.0,0.0,0.0,0.020237203687429428,0.0,0.0,0.5063889026641846,0.029353661462664604,0.0,0.010239345952868462,0.0,0.06967893987894058,0.3531990051269531,0.0
0.0,0.0,0.0,0.016343729570508003,0.0,0.055624961853027344,0.029438933357596397,0.0,0.0,0.04173174127936363,0.0,0.15598270297050476,0.6999985575675964,0.0
0.0,0.0,0.0,0.0,0.0,0.0,0.0,0.07100296020507812,0.0,0.0,0.0,0.07281041145324707,0.847277820110321,0.0
0.0,0.0,0.0,0.3724152147769928,0.0,0.013279254548251629,0.0,0.09448246657848358,0.0,0.026531770825386047,0.0,0.04266982525587082,0.449670672416687,0.0
0.0,0.0,0.0,0.02749345637857914,0.0,0.0,0.03528250753879547,0.01976793259382248,0.0,0.0,0.0,0.14806023240089417,0.7539487481117249,0.0
0.0,0.0,0.0,0.09010342508554459,0.0,0.01526956632733345,0.020327193662524223,0.0,0.0,0.0,0.015409036539494991,0.2336128205060959,0.6174931526184082,0.0
0.0,0.0,0.0,0.046894621104002,0.0,0.0,0.0,0.053349483758211136,0.015852060168981552,0.031108591705560684,0.0,0.07651858031749725,0.7651767730712891,0.0
0.0,0.0,0.0,0.03288960084319115,0.0,0.027629949152469635,0.06241408735513687,0.0,0.0,0.10821584612131119,0.0,0.4479062557220459,0.3204442262649536,0.0
0.0,0.0,0.0,0.035894252359867096,0.0,0.02231629379093647,0.03078266605734825,0.0,0.0,0.0288777444511652,0.0,0.0,0.867920458316803,0.0
0.0,0.0,0.0,0.0,0.0,0.2954980134963989,0.1082625761628151,0.0,0.0,0.0621466338634491,0.021933408454060555,0.1177215650677681,0.3888104557991028,0.0
0.0,0.0,0.011419537477195263,0.01226787082850933,0.0,0.0,0.0,0.0,0.029655879363417625,0.0,0.0,0.11783157289028168,0.8235054016113281,0.0
0.0,0.0,0.019689245149493217,0.14493003487586975,0.0,0.053943317383527756,0.0,0.0,0.0,0.0,0.0,0.07176782935857773,0.7078402638435364,0.0
0.0,0.0,0.0,0.0,0.0,0.14856624603271484,0.0,0.03723744675517082,0.0,0.03270460292696953,0.03485279157757759,0.2961346507072449,0.4453886151313782,0.0
0.0,0.0,0.013018290512263775,0.0,0.0,0.31731632351875305,0.0,0.0,0.0,0.0,0.0,0.13773377239704132,0.4556930363178253,0.06806700676679611
0.0,0.0,0.0,0.010396759025752544,0.0,0.0,0.0,0.011164533905684948,0.0,0.011072616092860699,0.0,0.16433589160442352,0.7997456789016724,0.0
0.0,0.0,0.0,0.2017214596271515,0.0,0.011060414835810661,0.0,0.020646559074521065,0.0,0.0,0.0,0.17107322812080383,0.591779351234436,0.0
0.0,0.0,0.0,0.049065001308918,0.0,0.06412750482559204,0.0,0.0,0.0,0.0,0.0,0.20578229427337646,0.679519534111023,0.0
0.0,0.0,0.0,0.0,0.0,0.1554316282272339,0.0,0.33222317695617676,0.0,0.0,0.0,0.030554495751857758,0.39764443039894104,0.07942108809947968
0.0,0.0,0.0,0.01576126553118229,0.0,0.0,0.09196028113365173,0.0,0.0,0.0,0.0,0.08619652688503265,0.8025254011154175,0.0
0.0,0.0,0.0,0.0,0.0,0.0,0.023929573595523834,0.0,0.0,0.0,0.0,0.09456849098205566,0.8785297274589539,0.0
0.020332565531134605,0.0,0.0,0.011930440552532673,0.0,0.02785445936024189,0.05890105664730072,0.019451240077614784,0.0,0.0,0.0,0.13069026172161102,0.5795618891716003,0.15089763700962067
0.0,0.0,0.0,0.03271452337503433,0.0,0.0,0.3043585419654846,0.0,0.0,0.0,0.0,0.08260373771190643,0.37462154030799866,0.20454443991184235
0.0,0.0,0.0,0.0,0.0,0.0,0.0177919901907444,0.039682015776634216,0.0,0.0,0.0,0.10328598320484161,0.819606602191925,0.01588984578847885
0.0,0.0,0.0,0.0,0.0,0.0,0.0,0.02497974783182144,0.0,0.034611839801073074,0.0,0.12217158824205399,0.8151119351387024,0.0
0.0,0.0,0.0,0.10107799619436264,0.0,0.0,0.010243581607937813,0.15336067974567413,0.0,0.0,0.0,0.17285114526748657,0.5491651892662048,0.0
0.0,0.0,0.0,0.0,0.0,0.010075906291604042,0.34818559885025024,0.0,0.0,0.0,0.0,0.01903025060892105,0.619722843170166,0.0
0.0,0.0,0.0,0.19703634083271027,0.0,0.0,0.0,0.3251152038574219,0.0,0.02506374754011631,0.0,0.09811067581176758,0.33747974038124084,0.0
0.0,0.0,0.0,0.0,0.0,0.0,0.20114374160766602,0.0,0.0,0.0,0.0,0.1735335737466812,0.6176465749740601,0.0
0.0,0.0,0.0,0.014012125320732594,0.0,0.0,0.0,0.04173709452152252,0.0,0.11379756033420563,0.0,0.0,0.8219542503356934,0.0
0.029227809980511665,0.0,0.0,0.0,0.0,0.25238218903541565,0.0,0.0,0.0,0.0,0.0,0.19857509434223175,0.5093493461608887,0.0
0.0,0.0,0.0,0.0,0.0,0.027319537475705147,0.0751255452632904,0.0,0.0,0.010617847554385662,0.0,0.2019379585981369,0.6679746508598328,0.0
0.0,0.0,0.0,0.05397095903754234,0.0,0.010766291059553623,0.0,0.0,0.0,0.11376870423555374,0.0,0.3881913423538208,0.43039175868034363,0.0
0.0,0.0,0.0,0.0,0.0,0.0,0.28061217069625854,0.2990471422672272,0.0,0.0,0.0,0.15626348555088043,0.2629334628582001,0.0
0.0,0.0,0.0,0.265300452709198,0.0,0.02156546525657177,0.0,0.04206521809101105,0.0,0.0,0.0,0.105254627764225,0.5645262002944946,0.0
0.0,0.0,0.01934744045138359,0.04795429855585098,0.0,0.08242963999509811,0.0,0.04178721085190773,0.0,0.0,0.0,0.2854647934436798,0.5171140432357788,0.0
0.0,0.0,0.0,0.43610572814941406,0.0,0.01554796937853098,0.0,0.0,0.0,0.0,0.0,0.05474671348929405,0.4857654273509979,0.0
0.0,0.0,0.0,0.25895464420318604,0.0,0.13337655365467072,0.0,0.0,0.0,0.0,0.0,0.08655905723571777,0.49785465002059937,0.017740536481142044
0.0,0.0,0.0,0.12228088825941086,0.0,0.03719598799943924,0.0,0.0,0.0,0.0,0.0,0.3182237148284912,0.5209954977035522,0.0
0.0,0.0,0.0,0.027835167944431305,0.0,0.0,0.0,0.17507369816303253,0.0,0.0,0.0,0.03242599964141846,0.7602149844169617,0.0
0.0,0.0,0.0,0.08514093607664108,0.0,0.0,0.0,0.04436708986759186,0.0,0.052312176674604416,0.0,0.19251583516597748,0.6089032888412476,0.0
0.0,0.0,0.0,0.01083216443657875,0.0,0.010960554704070091,0.09901291131973267,0.0,0.0,0.0,0.0,0.34005144238471985,0.527977466583252,0.0
0.0,0.0,0.0,0.0,0.0,0.0,0.0,0.0,0.0,0.0,0.0,0.010538814589381218,0.9741417169570923,0.0
0.0,0.0,0.0,0.0,0.0,0.053932368755340576,0.10865171253681183,0.0,0.012490738183259964,0.0,0.0,0.2274813950061798,0.5579701066017151,0.03806302323937416
0.0,0.0,0.0,0.04804122820496559,0.0,0.015169007703661919,0.0704885870218277,0.019204745069146156,0.0,0.0,0.0,0.04567074775695801,0.8007344007492065,0.0
0.0,0.0,0.0,0.1589282602071762,0.0,0.08538484573364258,0.0,0.0,0.0,0.13232232630252838,0.0,0.12665602564811707,0.49078550934791565,0.0
0.0,0.0,0.0,0.0,0.0,0.0,0.0475967675447464,0.0,0.0,0.0,0.0,0.045316386967897415,0.5706055760383606,0.3342151641845703
0.0,0.0,0.0,0.15741248428821564,0.0,0.0,0.0,0.033296942710876465,0.0,0.035128153860569,0.0,0.116420678794384,0.6562790870666504,0.0
0.0,0.0,0.0,0.10726204514503479,0.0,0.23490110039710999,0.0,0.0359887033700943,0.0,0.0,0.0,0.1617136001586914,0.4443264901638031,0.0
0.0,0.0,0.0,0.0,0.0,0.01820961758494377,0.4133025109767914,0.0,0.0,0.0,0.0,0.0,0.5563172698020935,0.0
0.0,0.0,0.0,0.0,0.0,0.0,0.09858469665050507,0.0,0.0,0.0,0.0,0.07638219743967056,0.8187618851661682,0.0
0.0,0.0,0.0,0.05330512672662735,0.0,0.0,0.0,0.08264211565256119,0.0,0.0,0.0,0.21681249141693115,0.6361766457557678,0.0
0.0,0.0,0.0,0.0,0.0,0.011767632327973843,0.0,0.4090043306350708,0.0,0.0,0.0,0.03317514434456825,0.46199873089790344,0.07920897752046585
0.0,0.0,0.0,0.020069502294063568,0.0,0.0,0.0,0.0,0.0,0.0,0.0,0.16334401071071625,0.7981679439544678,0.01487204059958458
0.0,0.0,0.0,0.0,0.0,0.0,0.027487313374876976,0.1663704365491867,0.0,0.0,0.0,0.04993647709488869,0.7372016906738281,0.0
0.051304902881383896,0.0,0.0,0.0,0.0,0.02271299436688423,0.0,0.0,0.0,0.0,0.0,0.030347680673003197,0.5143091678619385,0.3758609890937805
0.0,0.0,0.0,0.0,0.0,0.04507051780819893,0.0,0.0,0.0,0.0,0.0,0.3452202081680298,0.4758990705013275,0.12999993562698364
0.0,0.0,0.0,0.3704889118671417,0.0,0.06192009523510933,0.0,0.0,0.0,0.0,0.0,0.08538180589675903,0.48082882165908813,0.0
0.0,0.0,0.0,0.0,0.0,0.22610940039157867,0.0,0.0,0.0,0.0,0.0,0.01170702837407589,0.7229875326156616,0.030607320368289948
0.0,0.0,0.0,0.0,0.0,0.01897365227341652,0.0,0.127349391579628,0.0,0.03263763338327408,0.0,0.3006550669670105,0.5158941149711609,0.0
0.0,0.0,0.0,0.0,0.0,0.027469120919704437,0.18856430053710938,0.0,0.0,0.0,0.0,0.08137553930282593,0.696128785610199,0.0
0.0,0.0,0.0,0.04583599418401718,0.0,0.0,0.07446914166212082,0.06468474864959717,0.0,0.0,0.0,0.10117387026548386,0.7094894647598267,0.0
0.0,0.0,0.0,0.0,0.0,0.0,0.0,0.025848543271422386,0.0,0.0,0.0,0.20269472897052765,0.7614592909812927,0.0
0.0,0.0,0.0,0.0,0.0,0.0,0.09440354257822037,0.0,0.0,0.0,0.0,0.25352054834365845,0.630717933177948,0.013968309387564659
0.0,0.0,0.013771400786936283,0.2736295163631439,0.0,0.0,0.028959469869732857,0.013028004206717014,0.0,0.01043383963406086,0.07608912140130997,0.15510201454162598,0.42835548520088196,0.0
0.0,0.0,0.0,0.0,0.0,0.04261207580566406,0.04275970533490181,0.0,0.0,0.0,0.0,0.42191144824028015,0.4897936284542084,0.0
0.0,0.0,0.0,0.04053686186671257,0.0,0.08378764986991882,0.023060113191604614,0.0,0.0,0.0,0.0,0.14172245562076569,0.6426159143447876,0.0563492476940155
0.0,0.0,0.0,0.26849156618118286,0.0,0.029253633692860603,0.0,0.023992085829377174,0.0,0.0,0.0,0.24178290367126465,0.4361226558685303,0.0
0.0,0.0,0.0,0.0,0.0,0.03404843434691429,0.018383875489234924,0.0,0.0,0.0,0.0,0.18692505359649658,0.7440999150276184,0.0
0.0,0.0,0.0,0.0,0.0,0.0,0.0,0.0,0.0,0.0,0.0,0.3384198546409607,0.653965950012207,0.0
0.0,0.0,0.0,0.0,0.0,0.0,0.5884279608726501,0.0,0.0,0.0,0.0,0.12535768747329712,0.2795073390007019,0.0
0.0,0.0,0.0,0.0,0.0,0.0520881712436676,0.03619828820228577,0.0,0.0,0.0,0.0,0.15306897461414337,0.7460096478462219,0.0
0.0,0.0,0.0,0.09013529866933823,0.0,0.011850768700242043,0.0,0.0,0.0,0.012167162261903286,0.0,0.12201787531375885,0.7411478161811829,0.018621671944856644
0.0,0.0,0.0,0.0,0.0,0.0,0.05519724637269974,0.018820639699697495,0.0,0.0,0.0,0.15695102512836456,0.7623419761657715,0.0
0.0,0.0,0.0,0.0,0.0,0.0,0.0,0.013731146231293678,0.0,0.09791292250156403,0.0,0.017557891085743904,0.8449758887290955,0.0
0.0,0.0,0.0,0.0,0.0,0.04315704107284546,0.07720573246479034,0.0,0.0,0.10182689875364304,0.0,0.05356369912624359,0.7098619937896729,0.012399635277688503
0.0,0.0,0.0,0.0,0.0,0.0,0.0,0.09108440577983856,0.0,0.0,0.0,0.13148173689842224,0.7198967933654785,0.04406777396798134
0.0,0.0,0.0,0.4191688299179077,0.0,0.01349718403071165,0.0,0.0,0.0,0.03235941007733345,0.0,0.012311332859098911,0.5150606036186218,0.0
0.0,0.0,0.0,0.0,0.0,0.17302699387073517,0.0,0.0,0.0,0.026195427402853966,0.0,0.15111804008483887,0.47594013810157776,0.1685848832130432
0.0,0.0,0.06005360558629036,0.0,0.0,0.0,0.05535323917865753,0.0,0.0,0.0,0.0,0.2685718834400177,0.6047987937927246,0.0
0.0,0.0,0.0,0.06633034348487854,0.0,0.0,0.0,0.014942864887416363,0.0,0.0,0.0,0.19784320890903473,0.7176947593688965,0.0
0.0,0.0,0.0,0.0,0.0,0.19658561050891876,0.0,0.0,0.0,0.0,0.0,0.0732521042227745,0.32713350653648376,0.4002052843570709
0.0,0.0,0.0,0.013385406695306301,0.0,0.15638551115989685,0.0,0.0,0.0,0.0,0.0,0.3543109595775604,0.4532257318496704,0.0
0.0,0.0,0.0,0.0,0.0,0.13064992427825928,0.0,0.0,0.0,0.0,0.014235337264835835,0.1106535792350769,0.7292600870132446,0.0
0.0,0.0,0.0,0.0,0.0,0.024031711742281914,0.0,0.0,0.0,0.0,0.0,0.2599692642688751,0.6938034296035767,0.0
0.0,0.0,0.0,0.12590478360652924,0.0,0.0,0.0,0.0,0.0,0.0,0.0,0.03752441331744194,0.8276945352554321,0.0
0.0,0.0,0.0,0.0,0.0,0.0,0.08887770771980286,0.19980593025684357,0.0,0.0,0.0,0.042166728526353836,0.6637132167816162,0.0
0.0,0.0,0.0,0.6736122965812683,0.0,0.0,0.0,0.0,0.0,0.0,0.0,0.1412411481142044,0.15884530544281006,0.0
0.0,0.0,0.0,0.37505170702934265,0.0,0.0,0.0,0.25338539481163025,0.0,0.015274648554623127,0.0,0.1548147350549698,0.20036733150482178,0.0
0.0,0.0,0.0,0.6701415777206421,0.0,0.0,0.11363048106431961,0.0,0.0,0.0,0.0,0.015544258989393711,0.19368304312229156,0.0
0.0,0.0,0.0,0.0,0.0,0.0,0.0,0.0,0.0,0.44972479343414307,0.0,0.37518951296806335,0.15799669921398163,0.0
0.0,0.0,0.0,0.061283569782972336,0.0,0.0,0.1252894103527069,0.37310081720352173,0.0,0.0,0.0,0.0,0.42868298292160034,0.0
0.0,0.0,0.0,0.2685736417770386,0.0,0.08704901486635208,0.0,0.0,0.0,0.0,0.0,0.2319086790084839,0.4101366102695465,0.0
0.0,0.0,0.0,0.0,0.0,0.0,0.0,0.0,0.0,0.11994253098964691,0.0,0.0,0.861780047416687,0.0
0.0,0.0,0.0,0.7295956611633301,0.0,0.0,0.0,0.0,0.0,0.0,0.0,0.08767149597406387,0.16851313412189484,0.0
0.0,0.0,0.0,0.0,0.0,0.0,0.0,0.16154222190380096,0.0,0.0,0.0,0.010281240567564964,0.8250548243522644,0.0
0.0,0.0,0.0,0.0,0.0,0.0742669478058815,0.0,0.020734328776597977,0.0,0.0,0.0,0.25679734349250793,0.6357315182685852,0.0
0.0,0.0,0.0,0.0,0.0,0.0,0.6593881249427795,0.0,0.0,0.0,0.0,0.0,0.3296282887458801,0.0
0.0,0.0,0.0,0.02314455807209015,0.0,0.0,0.0,0.267249196767807,0.0,0.0,0.0,0.4398352801799774,0.26307913661003113,0.0
0.0,0.0,0.0,0.0,0.0,0.0,0.0,0.0,0.0,0.47144410014152527,0.0,0.152236208319664,0.3641566336154938,0.0
0.0,0.0,0.0,0.0,0.0,0.0,0.0,0.0,0.0,0.11644469946622849,0.0,0.02301638573408127,0.8484720587730408,0.0
0.0,0.0,0.0,0.0,0.0,0.0,0.0,0.37721413373947144,0.0,0.0,0.0,0.026719557121396065,0.5921170115470886,0.0
0.0,0.0,0.0,0.0,0.0,0.4189838171005249,0.0,0.0,0.0,0.0,0.0,0.534602165222168,0.03616683930158615,0.0
0.0,0.0,0.0,0.0,0.0,0.470303475856781,0.0,0.0,0.0,0.0,0.0,0.3045405149459839,0.22369517385959625,0.0
0.0,0.0,0.0,0.0,0.0,0.13018032908439636,0.24889780580997467,0.0,0.0,0.0,0.0,0.046208132058382034,0.5695629119873047,0.0
0.0,0.0,0.0,0.785563588142395,0.0,0.0,0.0,0.0,0.0,0.0,0.0,0.0,0.20391082763671875,0.0
0.0,0.0,0.0,0.0,0.0,0.0,0.0,0.0,0.0,0.0,0.0,0.020989330485463142,0.9690948128700256,0.0
0.0,0.0,0.07891155034303665,0.0,0.0,0.37978529930114746,0.0,0.0,0.0,0.0,0.0,0.29607704281806946,0.23943838477134705,0.0
